{"accuracy/top1": 92.55289459228516, "data_time": 0.0003725943757439662, "time": 0.5314126531104545}